1,google.com
2,youtube.com
3,tmall.com
4,qq.com
5,baidu.com
6,sohu.com
7,facebook.com
8,taobao.com
9,360.cn
10,jd.com
11,amazon.com
12,yahoo.com
13,wikipedia.org
14,zoom.us
16,xinhuanet.com
18,live.com
19,reddit.com
20,microsoft.com
21,office.com
22,netflix.com
23,zhanqi.tv
24,csdn.net
25,alipay.com
26,google.com.hk
27,instagram.com
28,microsoftonline.com
29,panda.tv
30,bing.com
31,myshopify.com
32,canva.com
33,vk.com
34,github.com
35,yahoo.co.jp
36,naver.com
37,stackoverflow.com
38,okezone.com
39,bongacams.com
40,salesforce.com
41,twitch.tv
42,adobe.com
43,twitter.com
44,ebay.com
45,aliexpress.com
46,huanqiu.com
47,tianya.cn
48,yy.com
49,amazon.in
50,linkedin.com
51,17ok.com
52,amazon.co.jp
53,godaddy.com
54,chaturbate.com
55,aparat.com
56,binance.com
57,yandex.ru
58,slack.com
59,dropbox.com
60,msn.com
61,so.com
62,1688.com
63,babytree.com
64,mail.ru
65,wordpress.com
66,haosou.com
67,whatsapp.com
68,tradingview.com
69,google.com.br
70,indeed.com
71,okta.com
72,google.co.in
73,ok.ru
74,chase.com
75,amazonaws.com
76,imdb.com
77,alibaba.com
78,tiktok.com
79,etsy.com
80,rakuten.co.jp
81,google.cn
82,tribunnews.com
83,livejasmin.com
84,google.co.jp
85,freepik.com
86,pornhub.com
87,spotify.com
88,savefrom.net
89,xvideos.com
90,google.de
91,6.cn
92,fandom.com
93,kompas.com
94,gome.com.cn
95,cnblogs.com
96,163.com
97,zillow.com
98,wetransfer.com
99,xhamster.com
100,paypal.com
101,udemy.com
102,grammarly.com
103,bbc.com
104,walmart.com
105,flipkart.com
106,imgur.com
107,telegram.org
108,apple.com
109,amazon.co.uk
110,booking.com
111,kumparan.com
112,ettoday.net
113,tumblr.com
114,rednet.cn
115,hao123.com
116,nytimes.com
117,cnn.com
118,instructure.com
119,espn.com
120,stackexchange.com
121,amazon.de
122,ilovepdf.com
123,detik.com
124,roblox.com
125,intuit.com
126,pikiran-rakyat.com
127,daum.net
128,google.fr
129,google.it
130,google.ru
131,primevideo.com
132,cnzz.com
133,bitly.com
134,tokopedia.com
135,indiatimes.com
136,google.es
137,varzesh3.com
138,pinterest.com
139,notion.so
140,nih.gov
141,bbc.co.uk
142,wix.com
143,deepl.com
144,force.com
145,google.com.sg
146,vimeo.com
147,healthline.com
148,telewebion.com
149,gosuslugi.ru
150,duckduckgo.com
151,wellsfargo.com
152,digikala.com
153,jiameng.com
154,shutterstock.com
155,zhihu.com
156,tistory.com
157,pixnet.net
158,amazon.ca
159,zerodha.com
160,cowin.gov.in
161,speedtest.net
162,bilibili.com
163,theguardian.com
164,aliyun.com
165,soundcloud.com
166,fedex.com
167,smallpdf.com
168,homedepot.com
169,padlet.com
170,w3schools.com
171,craigslist.org
172,ups.com
173,bestbuy.com
174,ltn.com.tw
175,usps.com
176,americanexpress.com
177,investing.com
178,researchgate.net
179,google.com.tw
180,ikea.com
181,360.com
182,unsplash.com
183,youm7.com
184,51.la
185,momoshop.com.tw
186,metropoles.com
187,slideshare.net
188,mozilla.org
189,tudou.com
190,trendyol.com
191,cnbc.com
192,airbnb.com
193,google.com.mx
194,uol.com.br
195,capitalone.com
196,archive.org
197,figma.com
198,myworkday.com
199,chess.com
200,hootsuite.com
201,google.com.tr
202,quizlet.com
203,ca.gov
204,cnet.com
205,ebay.de
206,manoramaonline.com
207,yelp.com
208,box.com
209,bet9ja.com
210,avito.ru
211,kakao.com
212,coursera.org
213,grid.id
214,hulu.com
215,coinmarketcap.com
216,fidelity.com
217,lazada.sg
218,payoneer.com
219,google.co.uk
220,liputan6.com
221,sogou.com
222,mercadolibre.com.mx
223,hdfcbank.com
224,mediafire.com
225,globo.com
226,fiverr.com
227,proiezionidiborsa.it
228,onlinesbi.com
229,google.ca
230,manage.wix.com
231,realtor.com
232,gmw.cn
233,washingtonpost.com
234,atlassian.com
235,cnnic.cn
236,suara.com
237,merdeka.com
238,target.com
239,investopedia.com
240,behance.net
241,businessinsider.com
242,chouftv.ma
243,moneycontrol.com
244,mercari.com
245,xnxx.com
246,cloudfront.net
247,taboola.com
248,setn.com
249,weather.com
250,hotstar.com
251,soso.com
252,webex.com
253,foxnews.com
254,dailymail.co.uk
255,sq.cn
256,wayfair.com
257,geeksforgeeks.org
259,etoro.com
260,linktr.ee
261,adp.com
262,wsj.com
263,allegro.pl
264,reuters.com
265,irs.gov
266,amazon.it
267,bukalapak.com
268,samsung.com
269,shopee.tw
270,redd.it
271,nike.com
272,google.com.eg
273,sahibinden.com
274,docusign.net
275,blogger.com
276,pulzo.com
277,icicibank.com
278,aliexpress.ru
279,sonhoo.com
280,google.co.th
281,google.com.sa
282,tripadvisor.com
283,wikihow.com
284,twimg.com
285,mercadolibre.com.ar
286,51yes.com
287,in.gr
288,shimo.im
289,hp.com
290,namnak.com
291,y2mate.com
292,donya-e-eqtesad.com
293,ndtv.com
294,sciencedirect.com
295,squarespace.com
296,shaparak.ir
297,ebay-kleinanzeigen.de
298,ameblo.jp
299,coupang.com
300,wildberries.ru
301,glassdoor.com
302,trello.com
303,skype.com
304,reverso.net
305,b2clogin.com
306,bankofamerica.com
307,douban.com
308,discord.com
309,jpnn.com
310,namu.wiki
311,dell.com
312,thesaurus.com
313,disneyplus.com
314,zendesk.com
315,worldometers.info
316,google.com.ar
317,indiamart.com
318,gismeteo.ru
319,zol.com.cn
320,wikimedia.org
321,pinimg.com
322,scribd.com
323,sberbank.ru
324,marketwatch.com
325,blackboard.com
326,op.gg
327,liansuo.com
328,costco.com
329,amazon.fr
330,t.co
331,naukri.com
332,flickr.com
333,lowes.com
334,web.de
335,eluniverso.com
336,typeform.com
337,elwatannews.com
338,constantcontact.com
339,ask.com
340,fc2.com
341,trustpilot.com
342,rt.com
343,aol.com
344,mercadolivre.com.br
345,google.co.id
346,mailchimp.com
347,academia.edu
348,idntimes.com
349,coinpayu.com
350,dailymotion.com
351,udn.com
352,tutorialspoint.com
353,goodreads.com
354,medium.com
355,smartsheet.com
356,shein.com
357,weebly.com
358,google.pl
359,googlevideo.com
360,gusuwang.com
361,impots.gouv.fr
362,surveymonkey.com
363,qoo10.sg
364,ih5.cn
365,gov.ao
366,ladbible.com
367,xfinity.com
368,google.co.kr
369,360doc.com
370,thepiratebay.org
371,outbrain.com
372,expedia.com
373,dhl.com
374,nicovideo.jp
375,breitbart.com
376,cambridge.org
377,canada.ca
378,ozon.ru
379,t.me
380,cnnindonesia.com
381,dbs.com.sg
382,ameritrade.com
383,google.com.au
384,alwafd.news
385,bp.blogspot.com
386,ouedkniss.com
387,amazon.es
388,tencent.com
389,feedly.com
390,iqbroker.com
391,vnexpress.net
392,schwab.com
393,jianshu.com
394,patria.org.ve
395,rakuten.com
396,onlyfans.com
397,files.wordpress.com
398,rctiplus.com
399,softonic.com
400,er.ru
401,eastmoney.com
402,dcard.tw
403,buffer.com
404,wordpress.org
405,focus.cn
406,namasha.com
407,patch.com
408,patreon.com
409,marca.com
410,brilio.net
411,alodokter.com
412,webmd.com
413,citi.com
414,divar.ir
415,rambler.ru
416,bitbucket.org
417,hbomax.com
418,kompas.tv
419,9gag.com
420,chegg.com
421,etrade.com
422,gate.io
423,tableau.com
424,shopee.co.id
425,att.com
426,elintransigente.com
427,quora.com
428,oschina.net
429,prnt.sc
430,myworkdayjobs.com
431,shopee.com.my
432,wise.com
433,viva.co.id
434,turkiye.gov.tr
435,kundelik.kz
436,google.com.ua
437,kuronekoyamato.co.jp
438,td.com
439,cdc.gov
440,issuu.com
441,biobiochile.cl
442,olx.ua
443,spankbang.com
444,thestartmagazine.com
445,house365.com
446,heavy.com
447,zhibo8.cc
448,eghtesadnews.com
449,hostgator.com
450,ebay.com.au
451,orange.fr
452,shopee.vn
453,clickpost.jp
454,1stepdownload.com
455,ninisite.com
456,ensonhaber.com
457,wish.com
458,huaban.com
459,ny.gov
460,iyiou.com
461,hm.com
462,xero.com
463,banvenez.com
464,ebc.net.tw
465,premierbet.co.ao
466,google.com.vn
467,europa.eu
468,ibicn.com
469,evernote.com
470,line.me
471,brainly.com.br
472,nypost.com
473,seznam.cz
474,verizon.com
475,upwork.com
476,prothomalo.com
477,google.gr
478,filimo.com
479,impress.co.jp
480,weblio.jp
481,list-manage.com
482,indianexpress.com
483,accuweather.com
484,quizizz.com
485,wordreference.com
486,gsmarena.com
487,gmx.net
488,redfin.com
489,akamaized.net
490,mit.edu
491,google.ro
492,yts.mx
493,kontan.co.id
494,nba.com
495,onet.pl
496,google.az
497,livejournal.com
498,hurriyet.com.tr
499,themeforest.net
500,rezka.ag
501,go.com
502,eatthis.com
503,nordstrom.com
504,crowdworks.jp
505,as.com
506,pchome.com.tw
507,coursehero.com
508,sourceforge.net
509,deviantart.com
510,google.co.ve
511,miro.com
512,iliangcang.com
513,rakuten-bank.co.jp
514,gstatic.com
515,leboncoin.fr
516,laodong.vn
517,it168.com
518,torob.com
519,seekingalpha.com
520,lenovo.com
521,state.gov
522,goo.ne.jp
523,ai.marketing
524,11st.co.kr
525,abs-cbn.com
526,wiley.com
527,steamcommunity.com
528,kahoot.it
529,runoob.com
530,wp.pl
531,emojipedia.org
532,squareup.com
533,zoho.com
534,epicgames.com
535,uptodown.com
536,yt1s.com
537,nextdoor.com
538,eee114.com
539,buzzfeed.com
540,www.gov.uk
541,bola.com
542,netsuite.com
543,mathrubhumi.com
544,ria.ru
545,mileroticos.com
546,messenger.com
547,get-express-vpn.online
548,chron.com
549,fool.com
550,meituan.com
551,usatoday.com
552,babyschool.com.cn
553,cnbeta.com
554,mynavi.jp
555,medicalnewstoday.com
556,nhk.or.jp
557,kickstarter.com
558,eventbrite.com
559,shippingchina.com
560,dmm.co.jp
561,timeanddate.com
562,discordapp.com
563,whois.com
564,delta.com
565,kayak.com
566,poocoin.app
567,quillbot.com
568,sba.gov
569,theepochtimes.com
570,dostor.org
571,merriam-webster.com
572,pngtree.com
573,slickdeals.net
574,khanacademy.org
575,shopee.co.th
576,google.pt
577,zara.com
578,xabbs.com
579,agacelebir.com
580,jawapos.com
581,kakaku.com
582,chinanetrank.com
583,rbc.ru
584,vvvdj.com
585,duolingo.com
586,vrbo.com
587,bloomberg.com
588,hsbc.com.hk
589,mlb.com
590,ibm.com
591,marriott.com
592,crunchyroll.com
593,eghtesadonline.com
594,skroutz.gr
595,amazon.com.au
596,techradar.com
597,asos.com
598,dspultra.com
599,macys.com
600,1337x.to
601,newegg.com
602,www.gov.cn
603,matchesfashion.com
604,iherb.com
605,home77.com
606,schoology.com
607,bhphotovideo.com
608,prtimes.jp
609,videocampaign.co
610,tandfonline.com
611,wholeactualjournal.com
612,albawabhnews.com
613,hatenablog.com
614,secureserver.net
615,addthis.com
616,iobit.com
617,mos.ru
618,taleo.net
619,iweihai.cn
620,104.com.tw
621,iqiyi.com
622,58.com
623,coinbase.com
624,livedoor.jp
625,usnews.com
626,ikco.ir
627,huim.com
628,genius.com
629,payu.in
630,agenziaentrate.gov.it
631,elsevier.com
632,atlassian.net
633,zcool.com.cn
634,amazon.ae
635,istockphoto.com
636,cnbcindonesia.com
637,qualtrics.com
638,qiita.com
639,tampermonkey.net
640,bigcommerce.com
641,258.com
642,sozcu.com.tr
643,onizatop.net
644,btctrademart.com
645,9384.com
646,mydrivers.com
647,lenta.ru
648,lawtime.cn
649,ecosia.org
650,olx.pl
651,mayoclinic.org
652,w3school.com.cn
653,pexels.com
654,jotform.com
655,mehrnews.com
656,lifo.gr
657,zalo.me
658,gamersky.com
659,npr.org
660,morningpost.com.cn
661,boc.cn
662,discover.com
663,newtalk.tw
664,gazzettadelsud.it
665,pixabay.com
666,service-now.com
667,farfetch.com
668,cvs.com
669,chaduo.com
670,inquirer.net
671,who.int
672,retailmenot.com
673,pixlr.com
674,gotomeeting.com
675,mufg.jp
676,springer.com
677,cna.com.tw
678,audible.com
679,aa.com
680,business.com.tm
681,wp.com
682,custhelp.com
683,walgreens.com
684,editor.wix.com
685,realestate.com.au
686,shopify.com
687,webflow.com
688,gxu.edu.cn
689,crypto.com
690,91jm.com
691,wattpad.com
692,pinterest.jp
693,pcbaby.com.cn
694,freecodecamp.org
695,rediff.com
696,emalls.ir
697,alimama.com
698,ecer.com
699,vtv.vn
700,asus.com
701,goal.com
702,pixiv.net
703,britannica.com
704,tempo.co
705,consultant.ru
706,ebay.it
707,biblegateway.com
708,google.co.za
709,lazada.co.th
710,shopstyle.com
711,kapanlagi.com
712,hotels.com
713,convertio.co
714,milliyet.com.tr
715,topfo.com
716,gotowebinar.com
717,tinder.com
718,statista.com
719,southwest.com
720,interia.pl
721,hh.ru
722,substack.com
723,mydramalist.com
724,giphy.com
725,united.com
726,dianping.com
727,ea.com
728,jw.org
729,znds.com
730,bolasport.com
731,fazenda.gov.br
732,hotjar.com
733,elpais.com
734,wowhead.com
735,adobelogin.com
736,ifeng.com
737,shareasale.com
738,playstation.com
739,kemdikbud.go.id
740,pcmag.com
741,edh.tw
742,popads.net
743,westernjournal.com
744,disqus.com
745,ed.gov
746,sina.cn
747,google.cl
748,overstock.com
749,strava.com
750,tdameritrade.com
751,youporn.com
752,rumble.com
753,justdial.com
754,guru99.com
755,dreamstime.com
756,gsis.gr
757,dangdang.com
758,rakuten.ne.jp
759,theoutnet.com
760,ionos.com
761,appledaily.com
762,windy.com
763,eqxiu.com
764,cloudconvert.com
765,amazon.com.mx
766,report.az
767,royalbank.com
768,steampowered.com
769,remove.bg
770,championat.com
771,bbcollab.com
772,forbes.com
773,haraj.com.sa
774,ytmp3.cc
775,express.dhl
776,amazon.sa
777,getpocket.com
778,stripchat.com
779,borna.news
780,nseindia.com
781,nbcnews.com
782,dmm.com
783,doordash.com
784,mercadolibre.com.ve
785,mybigcommerce.com
786,online-convert.com
787,thegatewaypundit.com
788,myntra.com
789,ebay.fr
790,wiktionary.org
791,neobux.com
792,uber.com
793,shopee.ph
794,itmedia.co.jp
795,wplay.co
796,eba.gov.tr
797,moneyforward.com
798,yodobashi.com
799,freepik.es
800,shopee.sg
801,office365.com
802,ziprecruiter.com
803,axisbank.co.in
804,business.site
805,kooora.com
806,rottentomatoes.com
807,apartments.com
808,people.com
809,finviz.com
810,nobitex.ir
811,onelogin.com
812,xe.com
813,sputniknews.com
814,docin.com
815,harvard.edu
816,cbssports.com
817,hubspot.com
818,gigafile.nu
820,tejaratnews.com
821,ticketmaster.com
822,techcrunch.com
823,4px.com
824,usbank.com
825,cnad.com
826,nalog.ru
827,superuser.com
828,mytheresa.com
829,amazon.cn
830,cloudflare.com
831,123rf.com
832,brunch.co.kr
833,wondershare.com
834,google.dz
835,creditchina.gov.cn
836,pandora.com
837,onmarshtompor.com
838,google.com.pk
839,cybozu.com
840,bluehost.com
841,t66y.com
842,ouo.io
843,haberturk.com
844,youku.com
845,oeeee.com
846,blog.jp
847,protothema.gr
848,asahi.com
849,ssl-images-amazon.com
850,bancodevenezuela.com
851,aweber.com
852,stocksblogs.com
853,howtogeek.com
854,upbit.com
855,rutracker.org
856,vidio.com
857,cisco.com
858,znanija.com
859,google.com.pe
860,printful.com
861,gotjobbs.com
862,ngacn.cc
863,reclameaqui.com.br
864,yektanet.com
865,liveworksheets.com
866,xiami.com
867,protonmail.com
868,oxu.az
869,4chan.org
870,gyazo.com
871,okex.com
872,nairaland.com
873,msi.com
874,cyberleninka.ru
875,ukr.net
876,backlog.jp
877,houzz.com
878,arzdigital.com
879,autodesk.com
880,seek.com.au
881,chosun.com
882,inmotionhosting.com
883,collegeboard.org
884,norton.com
885,commbank.com.au
886,users.wix.com
887,xbytessolucoes.com
888,51sole.com
889,prom.ua
890,cint.com
891,thehindu.com
892,jetbrains.com
893,asana.com
894,dawn.com
895,dnevnik.ru
896,google.com.my
897,stockx.com
898,cj.com
899,buenotraffic.com
900,mosalasonline.com
901,meetup.com
902,pinduoduo.com
903,ultimate-guitar.com
904,haibunda.com
905,wowkorea.jp
906,u.gg
907,myperfect2give.com
908,zozo.jp
909,cra-arc.gc.ca
910,bola.net
911,wrike.com
912,jooble.org
913,oraclecloud.com
914,nownews.com
915,utorrent.com
916,mercantilbanco.com
917,globalsources.com
918,ptt.cc
919,sbisec.co.jp
920,www.gov.br
921,google.ch
922,hespress.com
923,statcounter.com
924,daraz.pk
925,donga.com
926,blackboardcdn.com
927,glassdoor.co.in
928,rakuten-card.co.jp
929,storm.mg
930,javatpoint.com
931,jstor.org
932,southcn.com
933,hugedomains.com
934,almaghreb24.com
935,sdamgia.ru
936,mercadolibre.com
937,kizlarsoruyor.com
938,kp.ru
939,juntadeandalucia.es
940,cricketaddictor.com
941,srvtrck.com
942,olx.in
943,ytimg.com
944,android.com
945,yumpu.com
946,uptobox.com
947,libero.it
948,banggood.com
949,ynet.co.il
950,dcinside.com
951,alugha.com
952,priceline.com
953,auth0.com
954,windowsazure.com
955,renren.com
956,latimes.com
957,51auto.com
958,convertkit.com
959,rakuten-sec.co.jp
960,intel.com
961,uniqlo.com
962,beytoote.com
963,domaintools.com
964,uscis.gov
965,epfindia.gov.in
966,hilton.com
967,gap.com
968,dw.com
969,upstox.com
970,ign.com
971,lun.com
972,mundodeportivo.com
973,xserver.ne.jp
974,pearson.com
975,endclothing.com
976,trulia.com
977,robinhood.com
978,gmarket.co.kr
979,kijiji.ca
980,trontv.com
981,airtm.com
982,huffpost.com
983,mirconnect.ru
984,logicalmodelvisible.com
985,bhaskar.com
986,toutiao.com
987,jagran.com
988,5ch.net
989,python.org
990,mxc.com
991,binance.us
992,turkmenistan.gov.tm
993,edx.org
994,scielo.br
995,depositphotos.com
996,cfsbcn.com
997,soft98.ir
998,parsfootball.com
999,subito.it
1000,xhamsterlive.com
1001,pdfdrive.com
1002,icims.com
1003,anjuke.com
1004,tabelog.com
1005,indodax.com
1006,alicdn.com
1007,rsafrwdr.com
1008,narvar.com
1009,17track.net
1010,autotrader.com
1011,dextools.io
1012,sastasundar.com
1013,bankmellat.ir
1014,nur.kz
1015,tesla.com
1016,txxx.com
1017,thefreedictionary.com
1018,absher.sa
1019,trend.az
1020,todamateria.com.br
1021,seg-social.gob.es
1022,apollo.io
1023,saednews.com
1024,teacherspayteachers.com
1025,droom.in
1026,free.fr
1027,kdslife.com
1028,paytm.com
1029,clarin.com
1030,linksynergy.com
1031,google.com.co
1032,people.com.cn
1033,tamin.ir
1034,ameli.fr
1035,getintopc.com
1036,services.gov.gr
1037,samsclub.com
1038,hauphuchaum.com
1039,ojooo.com
1040,nhl.com
1041,zhaket.com
1042,google.be
1043,syf.com
1044,correios.com.br
1045,livedoor.com
1046,redtube.com
1047,mynet.com
1048,excite.co.jp
1049,yna.co.kr
1050,kitco.com
1051,magazineluiza.com.br
1052,concursolutions.com
1053,tver.jp
1054,t-mobile.com
1055,virgilio.it
1056,criteo.com
1057,drudgereport.com
1058,gmanetwork.com
1059,tass.ru
1060,zingnews.vn
1061,bild.de
1062,chsi.com.cn
1063,clickbank.com
1064,cyol.com
1065,lucid.app
1066,ivi.ru
1067,aastocks.com
1068,365jia.cn
1069,vanguard.com
1070,fril.jp
1071,gazeta.ru
1072,suumo.jp
1073,groupon.com
1074,manyvids.com
1075,eksisozluk.com
1076,west.cn
1077,t-online.de
1078,urdupoint.com
1079,warriorplus.com
1080,wartaekonomi.co.id
1081,greatandhra.com
1082,semrush.com
1083,dagospia.com
1084,chinatimes.com
1085,appen.com
1086,apnews.com
1087,bestlifeonline.com
1088,xiu.com
1089,gtmetrix.com
1090,amazon.jobs
1091,familydoctor.com.cn
1092,echo.msk.ru
1093,yeniakit.com.tr
1094,usaa.com
1095,ency-education.com
1096,rarbg.to
1097,wazirx.com
1098,100zp.com
1099,tsichuan.com
1100,envato.com
1101,formula1.com
1102,mxplayer.in
1103,nexusmods.com
1104,farsnews.ir
1105,avaz.ba
1106,bbb.org
1107,news.com.au
1108,successfactors.eu
1109,dalfak.com
1110,bzw315.com
1111,poki.com
1112,americanas.com.br
1113,teamviewer.com
1114,xtx6.com
1115,worldbank.org
1116,tinkoff.ru
1117,flashscore.com
1118,eset.com
1119,goldcarpet.cn
1120,cargurus.com
1121,ultipro.com
1122,mobile.de
1123,tuasaude.com
1124,binomo-trader.com
1125,tsetmc.com
1126,accenture.com
1127,nicsorts-accarade.com
1128,52pk.com
1129,chooseauto.com.cn
1130,ebrun.com
1131,thinkific.com
1132,turbo.az
1133,core.ac.uk
1134,mgid.com
1135,gogoanime.ai
1136,mi.com
1137,japanpost.jp
1138,inps.it
1139,wunderground.com
1140,worksmobile.com
1141,hangseng.com
1142,91boshi.net
1143,legit.ng
1144,ems.com.cn
1145,poste.it
1146,mawdoo3.com
1147,5lux.com
1148,a8.net
1149,thepaper.cn
1150,hi.ru
1151,akhbarelyom.com
1152,hometax.go.kr
1153,allocine.fr
1154,hnu.edu.cn
1155,hola.org
1156,aftership.com
1157,made-in-china.com
1158,advideoblock.com
1159,banesconline.com
1160,freee.co.jp
1161,about.google
1162,storyblocks.com
1163,ligamedia.casa
1164,smzdm.com
1165,gamer.com.tw
1166,dafont.com
1167,sbrf.ru
1168,filehorse.com
1169,un.org
1170,covid19india.org
1171,republika.co.id
1172,premierleague.com
1173,hepsiburada.com
1174,588ku.com
1175,bmi.ir
1176,xbox.com
1177,nerdwallet.com
1178,sznews.com
1179,nature.com
1180,pantip.com
1181,cardinalcommerce.com
1182,ameba.jp
1183,1mg.com
1184,byjus.com
1185,elmundo.es
1186,twoo.com
1187,turnitin.com
1188,tmall.hk
1189,spiegel.de
1190,selfridges.com
1191,kapitalbank.az
1192,crictracker.com
1193,amazon.com.br
1194,time.ir
1195,kaiserpermanente.org
1196,argentina.gob.ar
1197,prezi.com
1198,haberler.com
1199,kknews.cc
1200,thebase.in
1201,axisbank.com
1202,cuevana3.io
1203,battle.net
1204,tdbank.com
1205,walmart.com.mx
1206,codecademy.com
1207,eenadu.net
1208,hawaaworld.com
1209,chip.de
1210,swagbucks.com
1211,jornaldeangola.ao
1212,pointpay.io
1213,realsrv.com
1214,hamariweb.com
1215,bleacherreport.com
1216,cmoney.tw
1217,inews.id
1218,bancobai.ao
1219,anydesk.com
1220,exoclick.com
1221,kmong.com
1222,modesens.com
1223,tmtpost.com
1224,tanea.gr
1225,italist.com
1226,live.net
1227,successfactors.com
1228,newstrend.news
1229,thethao247.vn
1230,animeflv.net
1231,sportradar.com
1232,sedo.com
1233,yinyuetai.com
1234,bitrix24.ru
1235,infusionsoft.com
1236,zappos.com
1237,cretgate.com
1238,engadget.com
1239,icicidirect.com
1240,calculator.net
1241,azertag.az
1242,att.net
1243,digiato.com
1244,sporx.com
1245,madhyamam.com
1246,leetcode.com
1247,hotpepper.jp
1248,vistaprint.com
1249,express.pk
1250,jobinja.ir
1251,kommersant.ru
1252,staples.com
1253,sakshi.com
1254,video-change.digital
1255,isna.ir
1256,winbank.gr
1257,pole-emploi.fr
1258,onamae.com
1259,listindiario.com
1260,photopea.com
1261,auspost.com.au
1262,apkpure.com
1263,uchi.ru
1264,runescape.wiki
1265,xbytessolutions.com
1266,buyma.com
1267,chewy.com
1268,nsw.gov.au
1269,whatismyipaddress.com
1270,zoomit.ir
1271,brainly.co.id
1272,5acbd.com
1273,wangdaidongfang.com
1274,stanford.edu
1275,hdzog.com
1276,drom.ru
1277,sakura.ad.jp
1278,dnschecker.org
1279,abc.net.au
1280,easeus.com
1281,sagepub.com
1282,irctc.co.in
1285,telegra.ph
1286,jio.com
1287,kenh14.vn
1288,sap.com
1289,artstation.com
1290,pnc.com
1291,cbsnews.com
1292,7po.com
1293,doramy.club
1294,meb.gov.tr
1295,scamadviser.com
1296,opensea.io
1297,angelbroking.com
1298,firefoxchina.cn
1299,windows.net
1300,lancers.jp
1301,brainly.in
1302,chinajsq.cn
1303,ichijishienkin.go.jp
1304,coinex.com
1305,hbr.org
1306,google.sk
1307,adbtc.top
1308,vseigru.net
1309,creditonebank.com
1310,thumbzilla.com
1311,joinhoney.com
1312,homes.co.jp
1313,fnb.co.za
1314,amarujala.com
1315,incometaxindiaefiling.gov.in
1316,webinarjam.com
1317,mk.ru
1318,getadblock.com
1319,wetteronline.de
1323,yenisafak.com
1324,smartrecruiters.com
1325,csod.com
1326,zougla.gr
1327,dynamics.com
1328,mhlw.go.jp
1329,xiaomi.com
1330,auction.co.kr
1331,lazada.com.ph
1332,awin.com
1333,tgju.org
1334,uidai.gov.in
1335,studfile.net
1336,unity.com
1337,xgo.com.cn
1338,cic.gc.ca
1339,kohls.com
1340,pdf2go.com
1341,sxyprn.com
1342,aruba.it
1343,roozaneh.net
1344,sofascore.com
1345,wmtransfer.com
1346,tap.az
1347,classlink.com
1348,mailerlite.com
1349,wordhippo.com
1350,jkforum.net
1351,sfgate.com
1352,namecheap.com
1353,vectorstock.com
1354,rapidgator.net
1355,24h.com.vn
1356,zee5.com
1357,d1ev.com
1358,www.nhs.uk
1359,spectrum.net
1360,yoox.com
1361,mercadolibre.cl
1362,giglio.com
1363,thingiverse.com
1364,enamad.ir
1365,aajtak.in
1366,qafqazinfo.az
1367,jpmorganchase.com
1368,9lianmeng.com
1369,icy-veins.com
1370,avg.com
1371,doorblog.jp
1372,www.gob.mx
1373,qcloud.com
1374,mrporter.com
1375,oracle.com
1376,fx678.com
1377,gold678.com
1378,toggl.com
1379,privatbank.ua
1380,mapquest.com
1381,sfr.fr
1382,rappler.com
1383,kbb.com
1384,sarkariresult.com
1385,dingtalk.com
1386,skysports.com
1387,gofundme.com
1388,lotterypost.com
1389,rtl-theme.com
1390,2gis.ru
1391,ksl.com
1392,voicemakingrenown.com
1393,mheducation.com
1394,fmkorea.com
1395,9978.cn
1396,desmos.com
1397,passeidireto.com
1398,google.hu
1399,delhivery.com
1400,vg.no
1401,shahid4u.land
1402,coinspot.com.au
1403,brainly.com
1404,bdnews24.com
1405,angonoticias.com
1406,mongodb.com
1407,myanimelist.net
1408,ac-illust.com
1409,discuss.com.hk
1410,emofid.com
1411,business-standard.com
1412,muckrack.com
1413,olx.com.pk
1414,multiurok.ru
1415,dramacool.ch
1416,dantri.com.vn
1417,rozetka.com.ua
1418,onlinedown.net
1419,iam.gov.sa
1420,airtel.in
1421,opensooq.com
1422,pagesix.com
1423,ahrefs.com
1424,curseforge.com
1425,sportbible.com
1426,time.com
1427,novinky.cz
1428,oneindia.com
1429,globenewswire.com
1430,cettire.com
1431,5118.com
1432,insider.com
1433,wa.gov
1434,box.net
1435,euronews.com
1436,englishheadlight.com
1437,onliner.by
1438,zaubacorp.com
1439,tozoruaon.com
1440,freelancer.com
1441,arcgis.com
1442,forexfactory.com
1443,xhamster10.desi
1444,walmart.ca
1445,doctolib.fr
1446,afip.gob.ar
1447,loupan.com
1448,sciencehr.net
1449,fast.com
1450,sat.gob.mx
1451,gamespot.com
1452,streamyard.com
1453,xjtu.edu.cn
1454,tmz.com
1455,benzinga.com
1456,pchouse.com.cn
1457,pornzog.com
1458,viber.com
1459,reurl.cc
1460,seg-social.es
1461,wired.com
1462,bb.com.br
1463,admob.com
1464,lazada.vn
1465,coconala.com
1466,ria.com
1467,trilltrill.jp
1468,inven.co.kr
1469,adf.ly
1470,gartner.com
1471,preferablycompletion.com
1472,dangbei.com
1473,scotiabank.com
1474,blockfi.com
1475,dv37.com
1476,irna.ir
1477,static1.squarespace.com
1478,chinagate.cn
1479,pochta.ru
1480,icann.org
1481,rbcroyalbank.com
1482,gao7.com
1483,hrloo.com
1484,urbandictionary.com
1485,socialblade.com
1486,badoo.com
1487,popmama.com
1488,codecanyon.net
1489,kinogo.biz
1490,bisnis.com
1491,agoda.com
1492,asriran.com
1493,ebay.ca
1494,collinsdictionary.com
1495,tiacintya.com
1496,ctrip.com
1497,hea.cn
1498,zarinpal.com
1499,compressjpeg.com
1500,kontur.ru